﻿id,alert_type,severity,reading_id,timestamp
1,ritmo_irregular,medium,1,2025-10-02
2,ritmo_irregular,high,2,2025-10-11
3,ritmo_bajo,low,3,2025-10-25
4,ritmo_alto,medium,4,2025-11-01
5,ritmo_irregular,high,5,2025-11-16
6,temperatura_alta,medium,6,2025-10-05
7,temperatura_alta,high,7,2025-10-15
8,temperatura_baja,low,8,2025-10-28
9,temperatura_alta,high,9,2025-11-03
10,temperatura_alta,medium,10,2025-11-18
11,impacto_leve,low,11,2025-10-06
12,impacto_leve,medium,12,2025-10-17
13,impacto_moderado,medium,13,2025-11-01
14,impacto_leve,low,14,2025-11-12
15,posible_caida,high,15,2025-11-28
16,gas_alto,medium,16,2025-10-08
17,gas_medio,low,17,2025-10-21
18,gas_alto,high,18,2025-11-05
19,gas_peligroso,high,19,2025-11-22
20,gas_medio,low,20,2025-12-02
21,gas_alto,medium,21,2025-12-02
