﻿id,name,description,is_active,created_at,updated_at
1,Zona de Extracción A,Área principal de extracción,1,2025-10-01,2025-10-01
2,Zona de Extracción B,Segunda área operativa de extracción,1,2025-10-03,2025-10-03
3,Zona de Extracción C,Área de extracción con maquinaria pesada,1,2025-10-06,2025-10-06
4,Planta de Procesamiento A,Procesamiento de material extraído,1,2025-10-09,2025-10-09
5,Planta de Procesamiento B,Procesamiento secundario de minerales,1,2025-10-12,2025-10-12
6,Zona de Ventilación Norte,Control de ventilación del sector norte,1,2025-10-15,2025-10-15
7,Zona de Ventilación Sur,Supervisión del flujo de aire del sur,1,2025-10-18,2025-10-18
8,Área de Seguridad A,Punto estratégico de monitoreo,1,2025-10-21,2025-10-21
9,Área de Seguridad B,Supervisión de riesgos en zona crítica,1,2025-10-24,2025-10-24
10,Túnel Principal 1,Túnel habilitado para transporte,1,2025-10-27,2025-10-27
11,Túnel Principal 2,Ruta de tránsito para operadores,1,2025-10-30,2025-10-30
12,Zona de Perforación A,Perforación inicial del terreno,1,2025-11-02,2025-11-02
13,Zona de Perforación B,Perforación de soporte estructural,1,2025-11-05,2025-11-05
14,Área de Control A,Monitoreo de sensores ambientales,1,2025-11-09,2025-11-09
15,Área de Control B,Zona de supervisión de equipos,1,2025-11-12,2025-11-12
16,Zona Operativa A,Operaciones continuas de extracción,1,2025-11-16,2025-11-16
17,Zona Operativa B,Actividades de soporte minero,1,2025-11-19,2025-11-19
18,Área de Equipos A,Manejo y mantenimiento de maquinaria,1,2025-11-23,2025-11-23
19,Área de Equipos B,Zona para resguardo de herramientas,1,2025-11-26,2025-11-26
20,Zona de Monitoreo General,Monitoreo global de toda la mina,1,2025-12-01,2025-12-01
21,Zona de Emergencia A,Punto de evacuación y seguridad,1,2025-12-02,2025-12-02
