﻿id,model,user_id,is_active,assigned_at,created_at,updated_at
1,Casco Inteligente X PRO,1,1,2025-10-01,2025-10-01,2025-10-01
2,Casco Inteligente X PRO,2,1,2025-10-04,2025-10-04,2025-10-04
3,Casco Inteligente X PRO,3,1,2025-10-07,2025-10-07,2025-10-07
4,Casco Inteligente X PRO,4,1,2025-10-10,2025-10-10,2025-10-10
5,Casco Inteligente X PRO,5,1,2025-10-13,2025-10-13,2025-10-13
6,Casco Inteligente X PRO,6,1,2025-10-17,2025-10-17,2025-10-17
7,Casco Inteligente X PRO,7,1,2025-10-20,2025-10-20,2025-10-20
8,Casco Inteligente X PRO,8,1,2025-10-23,2025-10-23,2025-10-23
9,Casco Inteligente X PRO,9,1,2025-10-26,2025-10-26,2025-10-26
10,Casco Inteligente X PRO,10,1,2025-10-29,2025-10-29,2025-10-29
11,Casco Inteligente X PRO,11,1,2025-11-01,2025-11-01,2025-11-01
12,Casco Inteligente X PRO,12,1,2025-11-05,2025-11-05,2025-11-05
13,Casco Inteligente X PRO,13,1,2025-11-09,2025-11-09,2025-11-09
14,Casco Inteligente X PRO,14,1,2025-11-13,2025-11-13,2025-11-13
15,Casco Inteligente X PRO,15,1,2025-11-17,2025-11-17,2025-11-17
16,Casco Inteligente X PRO,16,1,2025-11-20,2025-11-20,2025-11-20
17,Casco Inteligente X PRO,17,1,2025-11-23,2025-11-23,2025-11-23
18,Casco Inteligente X PRO,18,1,2025-11-26,2025-11-26,2025-11-26
19,Casco Inteligente X PRO,19,1,2025-11-29,2025-11-29,2025-11-29
20,Casco Inteligente X PRO,20,1,2025-12-01,2025-12-01,2025-12-01
21,Casco Inteligente X PRO,21,1,2025-12-02,2025-12-02,2025-12-02
