﻿id,description,severity,user_id,device_id,reading_id,created_at,updated_at
1,Ritmo cardíaco irregular detectado,medium,1,1,1,2025-10-02,2025-10-02
2,Ritmo cardíaco elevado,high,1,1,2,2025-10-11,2025-10-11
3,Ritmo cardíaco bajo detectado,low,1,1,3,2025-10-25,2025-10-25
4,Aumento inusual de ritmo cardíaco,medium,1,1,4,2025-11-01,2025-11-01
5,Ritmo cardíaco irregular severo,high,1,1,5,2025-11-16,2025-11-16
6,Temperatura corporal elevada,medium,1,1,6,2025-10-05,2025-10-05
7,Fiebre detectada en el trabajador,high,1,1,7,2025-10-15,2025-10-15
8,Temperatura corporal baja,low,1,1,8,2025-10-28,2025-10-28
9,Temperatura corporal peligrosa,high,1,1,9,2025-11-03,2025-11-03
10,Temperatura corporal elevada,medium,1,1,10,2025-11-18,2025-11-18
11,Impacto leve detectado,low,1,1,11,2025-10-06,2025-10-06
12,Movimiento brusco detectado,medium,1,1,12,2025-10-17,2025-10-17
13,Impacto moderado registrado,medium,1,1,13,2025-11-01,2025-11-01
14,Movimiento irregular menor,low,1,1,14,2025-11-12,2025-11-12
15,Posible caída del trabajador,high,1,1,15,2025-11-28,2025-11-28
16,Nivel de gas superior al normal,medium,1,1,16,2025-10-08,2025-10-08
17,Concentración moderada de gas,low,1,1,17,2025-10-21,2025-10-21
18,Alto nivel de gas detectado,high,1,1,18,2025-11-05,2025-11-05
19,Concentración peligrosa de gas,high,1,1,19,2025-11-22,2025-11-22
20,Nivel moderado de gas,low,1,1,20,2025-12-02,2025-12-02
21,Nivel elevado de gas detectado,medium,1,1,21,2025-12-02,2025-12-02
