﻿id,description,device_id,performed_by,created_at,updated_at
1,Mantenimiento preventivo general,1,1,2025-10-01,2025-10-01
2,Limpieza de sensores,1,1,2025-10-05,2025-10-05
3,Revisión de batería,1,1,2025-10-10,2025-10-10
4,Calibración de sensor de temperatura,1,1,2025-10-14,2025-10-14
5,Ajuste del módulo de ritmo cardíaco,1,1,2025-10-19,2025-10-19
6,Revisión del acelerómetro,1,1,2025-10-23,2025-10-23
7,Limpieza de carcasa interna,1,1,2025-10-27,2025-10-27
8,Reemplazo de cables internos,1,1,2025-11-01,2025-11-01
9,Revisión de conexión inalámbrica,1,1,2025-11-05,2025-11-05
10,Actualización de firmware,1,1,2025-11-09,2025-11-09
11,Calibración del sensor de gases,1,1,2025-11-12,2025-11-12
12,Ajuste de sensibilidad del MPU6050,1,1,2025-11-15,2025-11-15
13,Limpieza profunda interna,1,1,2025-11-18,2025-11-18
14,Revisión del módulo Bluetooth,1,1,2025-11-21,2025-11-21
15,Mantenimiento correctivo,1,1,2025-11-24,2025-11-24
16,Inspección general de seguridad,1,1,2025-11-27,2025-11-27
17,Revisión de puertos y conectores,1,1,2025-11-29,2025-11-29
18,Calibración final de sensores,1,1,2025-12-01,2025-12-01
19,Revisión de seguridad del armazón,1,1,2025-12-01,2025-12-01
20,Limpieza ligera de rutina,1,1,2025-12-02,2025-12-02
21,Prueba final de funcionamiento,1,1,2025-12-02,2025-12-02
