﻿id,name,description,is_active,created_at,updated_at
1,supervisor,Supervisor de mina planta A,1,2025-10-01,2025-10-01
2,supervisor,Supervisor de mina planta B,1,2025-10-04,2025-10-04
3,supervisor,Supervisor de mina planta C,1,2025-10-07,2025-10-07
4,supervisor,Supervisor de mina planta D,1,2025-10-10,2025-10-10
5,supervisor,Supervisor de mina planta A,1,2025-10-13,2025-10-13
6,supervisor,Supervisor de mina planta B,1,2025-10-17,2025-10-17
7,supervisor,Supervisor de mina planta C,1,2025-10-20,2025-10-20
8,supervisor,Supervisor de mina planta D,1,2025-10-23,2025-10-23
9,supervisor,Supervisor de mina planta A,1,2025-10-26,2025-10-26
10,usuario,Usuario planta A,1,2025-10-29,2025-10-29
11,usuario,Usuario planta B,1,2025-11-01,2025-11-01
12,usuario,Usuario planta C,1,2025-11-05,2025-11-05
13,usuario,Usuario planta D,1,2025-11-09,2025-11-09
14,usuario,Usuario planta A,1,2025-11-13,2025-11-13
15,usuario,Usuario planta B,1,2025-11-17,2025-11-17
16,usuario,Usuario planta C,1,2025-11-20,2025-11-20
17,usuario,Usuario planta D,1,2025-11-23,2025-11-23
18,usuario,Usuario planta A,1,2025-11-26,2025-11-26
19,usuario,Usuario planta B,1,2025-11-29,2025-11-29
20,usuario,Usuario planta C,1,2025-12-01,2025-12-01
21,usuario,Usuario planta D,1,2025-12-02,2025-12-02
