﻿id,name,description,unit,type,device_id,is_active,created_at,updated_at
1,Sensor de Ritmo Cardíaco,Sensor MAX30100/MAX30102 para medir ritmo cardíaco del minero,bpm,ritmo_cardiaco,1,1,2025-10-05,2025-10-05
2,Sensor de Temperatura Corporal,Sensor MLX90614/DS18B20 para medir temperatura corporal,°C,temperatura_corporal,1,1,2025-10-12,2025-10-12
3,Sensor de Caídas e Impactos,Acelerómetro y Giroscopio MPU6050 para detectar caídas o golpes,m/s²,caidas_impactos,1,1,2025-11-01,2025-11-01
4,Sensor de Gases Tóxicos,Sensor MQ-2/MQ-135/MQ-9 para detectar gases peligrosos en la mina,ppm,gases_toxicos,1,1,2025-12-02,2025-12-02
