﻿id,employee_number,first_name,last_name,email,password,role_id,area_id,position_id,supervisor_id,is_active,created_at,updated_at
1,0322103782,Alexander,Parra,alex@gmail.com,$2b$12$BL4AX1EM6dxJpXwzLq13reYxpfGSbl2o.ZhrHIFQS3jM9OyeQWSC6,1,,,,1,2025-11-14,
2,0322103693,Angel,Chavez,elchavez54321@hmail.com,$2b$12$tzmHsvqK.JRbCxeooK26UOcvVH/bb3og/mZCshk9qpQLpbYzIp5wy,1,,,,0,2025-11-14,2025-11-21
3,0322103715,Miguel,Lopez,miguel.lopez21@gmail.com,$2b$12$y1FQADGqy0ik4MYXPhTZaOVzpphsBDsjJMSNYjG4dEo3F0pLg1CPy,2,,,,1,2025-11-14,
4,0322103722,Carlos,Ramirez,carlos.ramirez07@yahoo.com,$2b$12$o46kxNMggVj159UOEsvNFuEwqFMJx8YrM8rAAWlOcUDo3R3MRuByu,1,,,,1,2025-11-14,
5,0322103749,Juan,Hernandez,juan.hdz554@gmail.com,$2b$12$h4fti3lH7itJ8gMcEDzKd.Pz3EmeSD/ViTfl6DuSpIxVC8Me6Bdua,2,,,,1,2025-11-14,
6,0322103781,Luis,Castillo,luis.castillo102@gmail.com,$2b$12$ROScye/ic1t.ir25kUjodu3im6shu5QwpUmqAKIsnTA47sSe.WyRu,1,,,,1,2025-11-14,
7,0322103804,Sergio,Paredes,sergio.paredes33@gmail.com,$2b$12$F7tb375.b5AakdGDxSBEju722rR0RJHmRsb3CWUt7UBX8IiVPHM9u,2,,,,1,2025-11-14,
8,0322103820,Daniel,Mendez,daniel.mendez88@gmail.com,$2b$12$fe1Bqc2RW5thT5JXuPXcD.EmW.uobxvuoEI6rHCxX/qlxWoloJaU6,1,,,,1,2025-11-14,
9,0322103833,Roberto,Acosta,roberto.acosta55@gmail.com,$2b$12$V7WYKTPeV.mkIOFysYDqVeqpXR8S.bHERrUAB9bhn6ruDmrKgUno2,2,,,,1,2025-11-14,
10,0322103858,Jorge,Esquivel,jorge.esquivel19@gmail.com,$2b$12$mNFDZpXBdT7JNffRT1GVqO1G6.5N7Jy4N4NScNsaE9h1weC6npytG,1,,,,0,2025-11-14,2025-11-21
11,0322103872,Oscar,Vargas,oscar.vargas913@gmail.com,$2b$12$fAFSkw.J9yPgnvteeHSDS.MaNkdu3C6ze39PbWksKsWNVVdJm3ar2,2,,,,1,2025-11-14,
12,0322103889,Kevin,Santos,kevin.santos441@gmail.com,$2b$12$ZyxndgglrzUD/kfny7m21exbxgkLUH8z4BeXwL4ivae/IvuoPG0M.,2,,,,1,2025-11-14,
13,0322103905,Diego,Rojas,diego.rojas02@gmail.com,$2b$12$6Asgfoii4CJnI2CdY1PzbeKfFdHHkVjOZ1X01yHaGHU8Pq0osRq8m,1,,,,1,2025-11-14,
14,0322103921,Ricardo,Morales,ricardo.morales88@gmail.com,$2b$12$a0YoOqVC9LnBz0GQcdrF0OYJWq6HRO9BErEZc016oNYu/oOK/rSt.,2,,,,1,2025-11-14,
15,0322103944,Edgar,Serrano,edgar.serrano73@gmail.com,$2b$12$zyGn7ZVx4Lrr2j6x/LMl4uM2uI.C4S4dxjoIm5Jb8L68miGb8jSkC,1,,,,1,2025-11-14,
16,0322103957,Marco,Flores,marco.flores521@gmail.com,$2b$12$ARohSoPFHLP/n/5WMLwLdO6OugoP2f8nu9NB7sGOg5vqNwwGXMTGO,2,,,,1,2025-11-14,
17,0322103973,Adrian,Lara,adrian.lara44@gmail.com,$2b$12$MZ.HYXhNaXOMfKPc8qfn9utL9vsQktEbRabtkcH1M2O/224s0s.om,1,,,,1,2025-11-14,
18,0322103988,Francisco,Camacho,fran.camacho100@gmail.com,$2b$12$HfkKPth5r3lom0nZCBVS2.pua2PMYtyZ5mNMzEvJTBg1VOtPuWWg.,2,,,,1,2025-11-14,
19,0322103994,Ivan,Peña,ivan.pena999@gmail.com,$2b$12$fi3dJJQVKQRdbLDD40MDYembxHCi4L5IeVtwRwfoppbS33sTowlpq,1,,,,1,2025-11-14,
20,0322104007,Eduardo,Cortez,eduardo.cortez13@gmail.com,$2b$12$NhYrXuXObpaphC3osn5xCertvYjdXWIfETK8Jf2sG.9/dRrHXWjRm,2,,,,1,2025-11-14,
21,0322104019,Hector,Reyes,hector.reyes09@gmail.com,$2b$12$aiBK65AxDwRyL.mvqVcdiOEhTlGJF/CX5r/0/gfNHkNDdmQgvSu9m,2,,,,1,2025-11-14,
